{from: 172, to: 172},
{from: 172, to: 13},
{from: 172, to: 22},
{from: 172, to: 26},
{from: 172, to: 45},
{from: 172, to: 61},
{from: 172, to: 69},
{from: 172, to: 83},
{from: 172, to: 84},
{from: 172, to: 100},
{from: 172, to: 102},
{from: 172, to: 149},
{from: 172, to: 163},
{from: 172, to: 171},
{from: 172, to: 184},
{from: 172, to: 212},
{from: 172, to: 227},
{from: 172, to: 228},
{from: 172, to: 232},
{from: 172, to: 287},
{from: 172, to: 298},
{from: 172, to: 306},
{from: 172, to: 334},
{from: 172, to: 336},
{from: 172, to: 348},
{from: 172, to: 352},
{from: 172, to: 356},
{from: 172, to: 369},
{from: 172, to: 377},
{from: 172, to: 378},
{from: 172, to: 412},
{from: 172, to: 413},
{from: 172, to: 428},
{from: 172, to: 437},
{from: 172, to: 438},
{from: 172, to: 451},
{from: 93, to: 93},
{from: 93, to: 0},
{from: 93, to: 5},
{from: 93, to: 19},
{from: 93, to: 31},
{from: 93, to: 35},
{from: 93, to: 43},
{from: 93, to: 53},
{from: 93, to: 74},
{from: 93, to: 91},
{from: 93, to: 95},
{from: 93, to: 97},
{from: 93, to: 110},
{from: 93, to: 117},
{from: 93, to: 122},
{from: 93, to: 123},
{from: 93, to: 126},
{from: 93, to: 127},
{from: 93, to: 167},
{from: 93, to: 197},
{from: 93, to: 220},
{from: 93, to: 233},
{from: 93, to: 236},
{from: 93, to: 256},
{from: 93, to: 265},
{from: 93, to: 267},
{from: 93, to: 295},
{from: 93, to: 315},
{from: 93, to: 333},
{from: 93, to: 339},
{from: 93, to: 341},
{from: 93, to: 361},
{from: 93, to: 363},
{from: 93, to: 365},
{from: 93, to: 401},
{from: 93, to: 406},
{from: 93, to: 421},
{from: 93, to: 422},
{from: 93, to: 433},
{from: 16, to: 16},
{from: 16, to: 9},
{from: 16, to: 15},
{from: 16, to: 39},
{from: 16, to: 41},
{from: 16, to: 131},
{from: 16, to: 153},
{from: 16, to: 159},
{from: 427, to: 427},
{from: 427, to: 29},
{from: 427, to: 67},
{from: 427, to: 138},
{from: 427, to: 145},
{from: 427, to: 154},
{from: 427, to: 179},
{from: 427, to: 203},
{from: 427, to: 210},
{from: 427, to: 255},
{from: 427, to: 261},
{from: 4, to: 4},
{from: 4, to: 30},
{from: 4, to: 48},
{from: 4, to: 78},
{from: 4, to: 282},
{from: 4, to: 291},
{from: 4, to: 305},
{from: 4, to: 371},
{from: 4, to: 429},
{from: 4, to: 431},
{from: 217, to: 217},
{from: 217, to: 12},
{from: 217, to: 66},
{from: 217, to: 72},
{from: 217, to: 86},
{from: 217, to: 114},
{from: 217, to: 148},
{from: 217, to: 170},
{from: 217, to: 229},
{from: 217, to: 237},
{from: 217, to: 244},
{from: 217, to: 246},
{from: 217, to: 252},
{from: 217, to: 258},
{from: 217, to: 264},
{from: 217, to: 271},
{from: 217, to: 276},
{from: 217, to: 277},
{from: 217, to: 279},
{from: 217, to: 280},
{from: 217, to: 281},
{from: 217, to: 288},
{from: 217, to: 300},
{from: 217, to: 301},
{from: 217, to: 303},
{from: 217, to: 309},
{from: 217, to: 325},
{from: 217, to: 326},
{from: 217, to: 331},
{from: 217, to: 335},
{from: 217, to: 345},
{from: 217, to: 354},
{from: 217, to: 386},
{from: 217, to: 397},
{from: 217, to: 400},
{from: 217, to: 402},
{from: 217, to: 423},
{from: 217, to: 434},
{from: 54, to: 54},
{from: 54, to: 3},
{from: 54, to: 52},
{from: 54, to: 63},
{from: 54, to: 64},
{from: 54, to: 101},
{from: 54, to: 116},
{from: 54, to: 196},
{from: 54, to: 199},
{from: 54, to: 221},
{from: 54, to: 222},
{from: 54, to: 226},
{from: 54, to: 257},
{from: 54, to: 290},
{from: 54, to: 299},
{from: 54, to: 311},
{from: 54, to: 312},
{from: 54, to: 318},
{from: 54, to: 321},
{from: 54, to: 337},
{from: 54, to: 357},
{from: 54, to: 366},
{from: 54, to: 370},
{from: 54, to: 375},
{from: 54, to: 379},
{from: 54, to: 380},
{from: 54, to: 382},
{from: 54, to: 383},
{from: 54, to: 384},
{from: 54, to: 390},
{from: 54, to: 395},
{from: 54, to: 403},
{from: 54, to: 411},
{from: 187, to: 187},
{from: 99, to: 99},
{from: 99, to: 10},
{from: 99, to: 50},
{from: 99, to: 164},
{from: 99, to: 189},
{from: 99, to: 190},
{from: 99, to: 274},
{from: 99, to: 292},
{from: 99, to: 310},
{from: 99, to: 313},
{from: 99, to: 323},
{from: 99, to: 324},
{from: 99, to: 355},
{from: 99, to: 374},
{from: 99, to: 376},
{from: 99, to: 414},
{from: 99, to: 424},
{from: 99, to: 443},
{from: 99, to: 444},
{from: 99, to: 448},
{from: 32, to: 32},
{from: 32, to: 6},
{from: 32, to: 11},
{from: 32, to: 17},
{from: 32, to: 46},
{from: 32, to: 104},
{from: 32, to: 140},
{from: 32, to: 183},
{from: 32, to: 186},
{from: 32, to: 208},
{from: 32, to: 215},
{from: 32, to: 239},
{from: 32, to: 317},
{from: 90, to: 90},
{from: 90, to: 59},
{from: 90, to: 347},
{from: 87, to: 87},
{from: 87, to: 37},
{from: 87, to: 156},
{from: 87, to: 161},
{from: 87, to: 249},
{from: 87, to: 266},
{from: 87, to: 387},
{from: 87, to: 389},
{from: 87, to: 396},
{from: 87, to: 425},
{from: 87, to: 454},
{from: 120, to: 120},
{from: 120, to: 23},
{from: 120, to: 65},
{from: 120, to: 113},
{from: 120, to: 176},
{from: 120, to: 211},
{from: 120, to: 214},
{from: 120, to: 223},
{from: 120, to: 304},
{from: 120, to: 344},
{from: 120, to: 373},
{from: 120, to: 385},
{from: 120, to: 415},
{from: 120, to: 441},
{from: 120, to: 442},
{from: 392, to: 392},
{from: 392, to: 7},
{from: 392, to: 27},
{from: 392, to: 381},
{from: 392, to: 430},
{from: 121, to: 121},
{from: 121, to: 128},
{from: 121, to: 130},
{from: 121, to: 133},
{from: 121, to: 251},
{from: 107, to: 107},
{from: 107, to: 2},
{from: 107, to: 28},
{from: 107, to: 57},
{from: 107, to: 98},
{from: 107, to: 143},
{from: 107, to: 146},
{from: 107, to: 182},
{from: 107, to: 242},
{from: 107, to: 263},
{from: 272, to: 272},
{from: 272, to: 18},
{from: 272, to: 25},
{from: 272, to: 105},
{from: 272, to: 118},
{from: 272, to: 136},
{from: 272, to: 152},
{from: 272, to: 193},
{from: 272, to: 260},
{from: 272, to: 262},
{from: 272, to: 327},
{from: 272, to: 329},
{from: 272, to: 350},
{from: 272, to: 388},
{from: 272, to: 393},
{from: 81, to: 81},
{from: 81, to: 55},
{from: 81, to: 82},
{from: 81, to: 89},
{from: 81, to: 178},
{from: 81, to: 195},
{from: 81, to: 202},
{from: 81, to: 206},
{from: 81, to: 250},
{from: 81, to: 296},
{from: 81, to: 359},
{from: 81, to: 418},
{from: 417, to: 417},
{from: 417, to: 58},
{from: 417, to: 92},
{from: 417, to: 115},
{from: 417, to: 139},
{from: 417, to: 141},
{from: 417, to: 204},
{from: 417, to: 302},
{from: 417, to: 307},
{from: 417, to: 332},
{from: 417, to: 408},
{from: 417, to: 416},
{from: 455, to: 455},
{from: 455, to: 253},
{from: 439, to: 439},
{from: 439, to: 73},
{from: 439, to: 80},
{from: 439, to: 440},
{from: 205, to: 205},
{from: 205, to: 85},
{from: 205, to: 225},
{from: 316, to: 316},
{from: 316, to: 56},
{from: 316, to: 60},
{from: 316, to: 254},
{from: 316, to: 259},
{from: 316, to: 294},
{from: 316, to: 391},
{from: 316, to: 409},
{from: 316, to: 420},
{from: 316, to: 432},
{from: 316, to: 436},
{from: 340, to: 340},
{from: 340, to: 71},
{from: 340, to: 96},
{from: 340, to: 103},
{from: 340, to: 201},
{from: 340, to: 230},
{from: 340, to: 235},
{from: 340, to: 238},
{from: 340, to: 248},
{from: 340, to: 322},
{from: 340, to: 353},
{from: 340, to: 405},
{from: 112, to: 112},
{from: 112, to: 47},
{from: 112, to: 109},
{from: 112, to: 166},
{from: 112, to: 213},
{from: 112, to: 219},
{from: 112, to: 330},
{from: 112, to: 445},
{from: 38, to: 38},
{from: 289, to: 289},
{from: 289, to: 245},
{from: 289, to: 297},
{from: 33, to: 33},
{from: 33, to: 77},
{from: 33, to: 158},
{from: 33, to: 165},
{from: 33, to: 173},
{from: 33, to: 240},
{from: 218, to: 218},
{from: 218, to: 20},
{from: 218, to: 21},
{from: 218, to: 70},
{from: 218, to: 79},
{from: 218, to: 94},
{from: 218, to: 175},
{from: 218, to: 209},
{from: 218, to: 268},
{from: 218, to: 283},
{from: 218, to: 308},
{from: 218, to: 319},
{from: 218, to: 346},
{from: 284, to: 284},
{from: 284, to: 111},
{from: 284, to: 124},
{from: 284, to: 147},
{from: 284, to: 150},
{from: 284, to: 157},
{from: 284, to: 162},
{from: 284, to: 177},
{from: 284, to: 185},
{from: 284, to: 188},
{from: 284, to: 191},
{from: 284, to: 200},
{from: 284, to: 224},
{from: 284, to: 320},
{from: 284, to: 358},
{from: 284, to: 450},
{from: 151, to: 151},
{from: 1, to: 1},
{from: 1, to: 14},
{from: 1, to: 338},
{from: 1, to: 342},
{from: 404, to: 404},
{from: 404, to: 51},
{from: 404, to: 194},
{from: 404, to: 269},
{from: 404, to: 273},
{from: 404, to: 343},
{from: 404, to: 362},
{from: 404, to: 367},
{from: 404, to: 368},
{from: 404, to: 435},
{from: 404, to: 449},
{from: 270, to: 270},
{from: 270, to: 44},
{from: 270, to: 68},
{from: 270, to: 135},
{from: 270, to: 285},
{from: 36, to: 36},
{from: 36, to: 24},
{from: 36, to: 174},
{from: 36, to: 198},
{from: 36, to: 372},
{from: 36, to: 394},
{from: 36, to: 398},
{from: 36, to: 407},
{from: 36, to: 419},
{from: 36, to: 426},
{from: 247, to: 247},
{from: 247, to: 168},
{from: 247, to: 169},
{from: 247, to: 453},
{from: 62, to: 62},
{from: 62, to: 241},
{from: 314, to: 314},
{from: 314, to: 76},
{from: 314, to: 155},
{from: 119, to: 119},
{from: 119, to: 49},
{from: 119, to: 349},
{from: 234, to: 234},
{from: 234, to: 108},
{from: 34, to: 34},
{from: 34, to: 8},
{from: 410, to: 410},
{from: 410, to: 106},
{from: 410, to: 293},
{from: 410, to: 364},
{from: 410, to: 447},
{from: 181, to: 181},
{from: 181, to: 75},
{from: 181, to: 160},
{from: 181, to: 180},
{from: 181, to: 399},
{from: 181, to: 446},
{from: 286, to: 286},
{from: 132, to: 132},
{from: 132, to: 88},
{from: 132, to: 360},
{from: 125, to: 125},
{from: 125, to: 207},
{from: 134, to: 134},
{from: 134, to: 129},
{from: 134, to: 137},
{from: 134, to: 142},
{from: 134, to: 144},
{from: 134, to: 275},
{from: 243, to: 243},
{from: 243, to: 40},
{from: 243, to: 42},
{from: 351, to: 351},
{from: 351, to: 192},
{from: 351, to: 216},
{from: 351, to: 231},
{from: 351, to: 278},
{from: 452, to: 452},
{from: 452, to: 328},
